longitude	latitude	speed
-122.427308	45.502252	0
-122.427308	45.502252	2.076923076923077
-122.427702	45.502233	0
-122.427702	45.502233	5.702702702702703
-122.427812	45.502233	4.122222222222222
-122.427812	45.502233	0
-122.428007	45.502293	8.75
-122.428007	45.502293	2.076923076923077
-122.427993	45.50261	8.75
-122.427993	45.50261	6.5
-122.427822	45.502867	3.7471264367816093
-122.427822	45.502867	0
-122.427407	45.502825	6.6
-122.427407	45.502825	6.5
-122.427052	45.502732	0
-122.427052	45.502732	3.2875
-122.426645	45.502587	6.6
-122.426645	45.502587	1.8
-122.426512	45.50255	3.3703703703703702
-122.426512	45.50255	0
-122.426223	45.503168	0
-122.426223	45.503168	1.8
-122.426133	45.503668	6.977777777777778
-122.426133	45.503668	0
-122.426033	45.504077	4.122222222222222
-122.426033	45.504077	0
-122.426028	45.504332	8.488888888888889
-122.426028	45.504332	0
-122.426042	45.504443	6.572727272727272
-122.426042	45.504443	0
-122.426042	45.504443	3.7471264367816093
-122.426042	45.504443	0
-122.426042	45.504443	6.577586206896552
-122.426042	45.504443	0
-122.426042	45.504455	0
-122.426042	45.504455	3.2875
-122.426037	45.504652	0
-122.426037	45.504652	10.654545454545454
-122.425857	45.504875	3.3703703703703702
-122.425857	45.504875	0
-122.425263	45.50488	0
-122.425263	45.50488	10.10909090909091
-122.424442	45.5049	0
-122.424442	45.5049	6.693333333333333
-122.42348	45.504927	6.977777777777778
-122.42348	45.504927	15.6
-122.422468	45.504902	11.1
-122.422468	45.504902	15.6
-122.421665	45.504805	5.348749052312358
-122.421665	45.504805	8.488888888888889
-122.421025	45.50472	11.1
-122.421025	45.50472	9.6
-122.41966	45.504703	0
-122.41966	45.504703	5.350977044204136
-122.419133	45.504715	0
-122.419133	45.504715	9.6
-122.418575	45.504717	0
-122.418575	45.504717	10.654545454545454
-122.418153	45.504722	5.702702702702703
-122.418153	45.504722	0
-122.417973	45.504723	10.10909090909091
-122.417973	45.504723	5.379800498753117
-122.417857	45.504723	6.693333333333333
-122.417857	45.504723	0
-122.417527	45.50473	0
-122.417527	45.50473	5.371571072319202
-122.41706	45.504738	0
-122.41706	45.504738	6.572727272727272
-122.416662	45.504732	5.360353438340376
-122.416662	45.504732	0
-122.416525	45.504733	6.577586206896552
-122.416525	45.504733	0
-122.415522	45.50476	0
-122.415522	45.50476	5.37588925206691
-122.414993	45.504762	5.464482955627499
-122.414993	45.504762	0
-122.414788	45.504768	0
-122.414788	45.504768	5.393578158046529
-122.414645	45.50477	0
-122.414645	45.50477	5.938405797101449
-122.414508	45.504772	11.95
-122.414508	45.504772	0
-122.41401	45.504775	6.611888111888112
-122.41401	45.504775	0
-122.41324	45.504783	0
-122.41324	45.504783	15.12
-122.412332	45.504782	7.722741433021807
-122.412332	45.504782	0
-122.411435	45.50478	11.95
-122.411435	45.50478	14.4
-122.4105	45.504777	14.666666666666666
-122.4105	45.504777	14.4
-122.40954	45.504777	0
-122.40954	45.504777	14.6
-122.40859	45.504773	14.6
-122.40859	45.504773	12.34
-122.407633	45.50477	14.666666666666666
-122.407633	45.50477	14.8
-122.406678	45.50477	14.8
-122.406678	45.50477	16.4
-122.405603	45.504767	0
-122.405603	45.504767	16.4
-122.404472	45.504767	0
-122.404472	45.504767	3
-122.403393	45.50476	15.12
-122.403393	45.50476	13.8
-122.402498	45.504773	12
-122.402498	45.504773	13.8
-122.401687	45.50478	0
-122.401687	45.50478	12
-122.401127	45.504792	5.073593073593074
-122.401127	45.504792	0
-122.400692	45.504798	5.206812652068127
-122.400692	45.504798	0
-122.400493	45.504797	12.34
-122.400493	45.504797	0.8
-122.400425	45.504795	0.8
-122.400425	45.504795	0.23255813953488372
-122.400207	45.504793	0
-122.400207	45.504793	0.23255813953488372
-122.399908	45.50483	0
-122.399908	45.50483	6.773584905660377
-122.399783	45.505223	3.4
-122.399783	45.505223	3
-122.399792	45.505422	3.675
-122.399792	45.505422	3.4
-122.399847	45.50608	6.888
-122.399847	45.50608	0
-122.39986	45.506702	3.675
-122.39986	45.506702	15.6
-122.399875	45.507415	15.6
-122.399875	45.507415	0
-122.399875	45.507977	12.12
-122.399875	45.507977	0
-122.39989	45.509005	0
-122.39989	45.509005	7.386956521739131
-122.39989	45.50946	5.938405797101449
-122.39989	45.50946	0
-122.399898	45.509987	0
-122.399898	45.509987	16.927272727272726
-122.399897	45.511365	6.773584905660377
-122.399897	45.511365	17.9
-122.399842	45.512198	6.7627906976744185
-122.399842	45.512198	6.611888111888112
-122.399565	45.51298	17.9
-122.399565	45.51298	0
-122.39914	45.513728	4.552
-122.39914	45.513728	0
-122.398762	45.514525	5.073593073593074
-122.398762	45.514525	0
-122.398493	45.515357	0
-122.398493	45.515357	3.504
-122.398368	45.516112	12.12
-122.398368	45.516112	17.2
-122.39839	45.516892	17.2
-122.39839	45.516892	17.2
-122.398403	45.517687	0
-122.398403	45.517687	17.2
-122.398463	45.518378	2.2888888888888888
-122.398463	45.518378	16.927272727272726
-122.398475	45.518718	1.4
-122.398475	45.518718	7.722741433021807
-122.398475	45.5188	0
-122.398475	45.5188	1.4
-122.398473	45.518803	6.5
-122.398473	45.518803	0
-122.398473	45.518943	0
-122.398473	45.518943	4.552
-122.39867	45.519157	0
-122.39867	45.519157	4.72
-122.399053	45.51918	3.504
-122.399053	45.51918	2.533333333333333
-122.399567	45.519157	2.533333333333333
-122.399567	45.519157	0
-122.400312	45.519145	9.142857142857142
-122.400312	45.519145	4.72
-122.401138	45.519138	0
-122.401138	45.519138	8.766666666666667
-122.401638	45.519138	3.4
-122.401638	45.519138	2.2888888888888888
-122.401865	45.519137	0
-122.401865	45.519137	3.4
-122.402432	45.519125	6.888
-122.402432	45.519125	0
-122.403233	45.519125	14.8
-122.403233	45.519125	6.5
-122.404197	45.519123	14.8
-122.404197	45.519123	0
-122.405245	45.519123	5.206812652068127
-122.405245	45.519123	0
-122.406248	45.519122	7.386956521739131
-122.406248	45.519122	14.2
-122.40718	45.519127	14.2
-122.40718	45.519127	0
-122.407648	45.519137	6.7627906976744185
-122.407648	45.519137	5.966069583189804
-122.408018	45.519133	0
-122.408018	45.519133	8.766666666666667
-122.40867	45.51913	9.142857142857142
-122.40867	45.51913	0
-122.409505	45.519132	0
-122.409505	45.519132	5.125560538116592
-122.41036	45.519128	5.19075907590759
-122.41036	45.519128	0
-122.410987	45.519128	5.233633487466537
-122.410987	45.519128	0
-122.411322	45.51913	3.270440251572327
-122.411322	45.51913	0
-122.411493	45.519128	5.288650580875782
-122.411493	45.519128	0
-122.41193	45.519128	0
-122.41193	45.519128	6.555555555555555
-122.412505	45.519128	5.299821268990169
-122.412505	45.519128	0
-122.41294	45.519137	7.011111111111111
-122.41294	45.519137	0
-122.413812	45.51913	5.33655358346439
-122.413812	45.51913	0
-122.414613	45.51913	0
-122.414613	45.51913	5.328715365239295
-122.41558	45.519128	16.6
-122.41558	45.519128	0
-122.416663	45.519132	16.6
-122.416663	45.519132	0
-122.417272	45.519145	5.2578302315024965
-122.417272	45.519145	0
-122.4181	45.519132	3.270440251572327
-122.4181	45.519132	0
-122.41884	45.519132	15.381818181818181
-122.41884	45.519132	0
-122.419605	45.519132	11
-122.419605	45.519132	6.555555555555555
-122.42033	45.519128	5.280573901161467
-122.42033	45.519128	11
-122.421155	45.519128	0
-122.421155	45.519128	7.011111111111111
-122.423263	45.519127	5.199032480995163
-122.423263	45.519127	0
-122.424497	45.519125	0
-122.424497	45.519125	5.256455696202532
-122.425758	45.519128	0
-122.425758	45.519128	0
-122.426903	45.519127	0
-122.426903	45.519127	5.203274559193955
-122.427948	45.519128	5.197183098591549
-122.427948	45.519128	0
-122.428932	45.51913	0
-122.428932	45.51913	5.183879093198993
-122.429868	45.51913	0
-122.429868	45.51913	15.381818181818181
-122.430623	45.519132	5.102159669983013
-122.430623	45.519132	0
-122.431395	45.519132	0
-122.431395	45.519132	5.172855313700384
-122.432218	45.519132	0
-122.432218	45.519132	5.108728179551123
-122.432902	45.519132	4.4
-122.432902	45.519132	0
-122.433205	45.519135	0.047058823529411764
-122.433205	45.519135	4.4
-122.433255	45.519137	7.1
-122.433255	45.519137	0.047058823529411764
-122.433637	45.51914	5.3
-122.433637	45.51914	0
-122.434163	45.519145	7.1
-122.434163	45.519145	4.8
-122.43461	45.51915	6.31
-122.43461	45.51915	0
-122.434812	45.519153	4.8
-122.434812	45.519153	2.7111111111111112
-122.435532	45.519148	5.181350954478708
-122.435532	45.519148	0
-122.436352	45.519142	14.3
-122.436352	45.519142	2.7111111111111112
-122.437288	45.519145	0
-122.437288	45.519145	0
-122.438225	45.519148	14.3
-122.438225	45.519148	0
-122.438835	45.51916	5.716571428571428
-122.438835	45.51916	0
-122.439642	45.519155	0
-122.439642	45.519155	0
-122.440518	45.519155	5.3
-122.440518	45.519155	0
-122.441642	45.519153	5.204081632653061
-122.441642	45.519153	0
-122.442787	45.519158	6.31
-122.442787	45.519158	0
-122.443863	45.519155	0
-122.443863	45.519155	14.035087719298245
-122.444875	45.519158	0
-122.444875	45.519158	14.9
-122.44589	45.519163	0
-122.44589	45.519163	6.390476190476191
-122.446822	45.519167	16.6
-122.446822	45.519167	14.9
-122.44789	45.519163	17.7
-122.44789	45.519163	16.6
-122.44905	45.519163	5.428571428571429
-122.44905	45.519163	0
-122.45021	45.519165	15.5
-122.45021	45.519165	17.7
-122.45127	45.519168	4.8
-122.45127	45.519168	0
-122.45224	45.519175	0
-122.45224	45.519175	15.5
-122.45313	45.519177	0
-122.45313	45.519177	5
-122.45386	45.519182	5.237623762376238
-122.45386	45.519182	0
-122.454367	45.519183	14.035087719298245
-122.454367	45.519183	3.6
-122.454625	45.519187	0
-122.454625	45.519187	3.6
-122.454723	45.519188	13.764705882352942
-122.454723	45.519188	6.390476190476191
-122.455033	45.51919	8.28368794326241
-122.455033	45.51919	0
-122.455665	45.519192	0
-122.455665	45.519192	0
-122.456493	45.519192	5.428571428571429
-122.456493	45.519192	0
-122.457508	45.519197	13.705882352941176
-122.457508	45.519197	4.8
-122.458703	45.519195	0
-122.458703	45.519195	7.271428571428571
-122.459685	45.519192	0
-122.459685	45.519192	5
-122.460707	45.519198	5.237623762376238
-122.460707	45.519198	12.46
-122.461725	45.519202	0
-122.461725	45.519202	4.635294117647059
-122.462735	45.519202	0
-122.462735	45.519202	0
-122.463775	45.519203	0
-122.463775	45.519203	13.764705882352942
-122.46474	45.519205	3.972093023255814
-122.46474	45.519205	0
-122.465488	45.519205	0
-122.465488	45.519205	4.231578947368421
-122.466063	45.519202	0
-122.466063	45.519202	4.509677419354839
-122.466672	45.5192	13.705882352941176
-122.466672	45.5192	0
-122.46737	45.5192	0
-122.46737	45.5192	3.787878787878788
-122.46812	45.519203	3.2
-122.46812	45.519203	0
-122.468853	45.519217	0
-122.468853	45.519217	12.46
-122.469545	45.51922	5.312084666502584
-122.469545	45.51922	0
-122.469905	45.519227	0
-122.469905	45.519227	2.709090909090909
-122.47027	45.51922	0
-122.47027	45.51922	8.28368794326241
-122.470508	45.519218	0
-122.470508	45.519218	0
-122.470742	45.519217	0
-122.470742	45.519217	4.231578947368421
-122.471355	45.51922	0
-122.471355	45.51922	4.1567567567567565
-122.472015	45.519225	7.271428571428571
-122.472015	45.519225	0
-122.472015	45.519225	0
-122.472015	45.519225	2.16
-122.472445	45.519235	0
-122.472445	45.519235	5.240580448065173
-122.472445	45.519235	2.658333333333333
-122.472445	45.519235	0
-122.472755	45.519235	3.2
-122.472755	45.519235	3
-122.472755	45.519235	2.16
-122.472755	45.519235	5.133333333333334
-122.472985	45.519235	3.676190476190476
-122.472985	45.519235	0
-122.472985	45.519235	3
-122.472985	45.519235	0
-122.473218	45.51923	0
-122.473218	45.51923	0
-122.473218	45.51923	0
-122.473218	45.51923	3.1076923076923078
-122.473738	45.519228	5.133333333333334
-122.473738	45.519228	7.2
-122.473738	45.519228	2.709090909090909
-122.473738	45.519228	0
-122.474165	45.519228	3.456
-122.474165	45.519228	0
-122.474165	45.519228	2.2153846153846155
-122.474165	45.519228	0
-122.474662	45.51923	7.2
-122.474662	45.51923	7.8
-122.474662	45.51923	1.646153846153846
-122.474662	45.51923	0
-122.475197	45.519235	0
-122.475197	45.519235	4.509677419354839
-122.475197	45.519235	7.8
-122.475197	45.519235	1.4
-122.475488	45.519242	0.95
-122.475488	45.519242	0
-122.475488	45.519242	0.95
-122.475488	45.519242	0
-122.4756	45.51924	3.787878787878788
-122.4756	45.51924	1.4
-122.4756	45.51924	1.4
-122.4756	45.51924	0.5333333333333333
-122.475722	45.519238	5.547826086956522
-122.475722	45.519238	0
-122.475722	45.519238	0.1
-122.475722	45.519238	1.4
-122.475727	45.519238	0
-122.475727	45.519238	0.1
-122.475727	45.519238	0
-122.475727	45.519238	0.5333333333333333
-122.475835	45.519237	5.7
-122.475835	45.519237	0
-122.475835	45.519237	0
-122.475835	45.519237	1.6
-122.47593	45.519237	1.6
-122.47593	45.519237	6.066666666666666
-122.47593	45.519237	0
-122.47593	45.519237	3.1076923076923078
-122.476002	45.519238	5.477937403796819
-122.476002	45.519238	0
-122.476002	45.519238	3.972093023255814
-122.476002	45.519238	0
-122.476117	45.519238	0
-122.476117	45.519238	7.108333333333333
-122.476117	45.519238	0
-122.476117	45.519238	2.2153846153846155
-122.476157	45.51924	5.294905462184874
-122.476157	45.51924	0
-122.476157	45.51924	1.646153846153846
-122.476157	45.51924	0
-122.476157	45.51924	0
-122.476157	45.51924	6.942028985507246
-122.476157	45.51924	0
-122.476157	45.51924	6.942028985507246
-122.476258	45.51924	6.2
-122.476258	45.51924	0.95
-122.476258	45.51924	0
-122.476258	45.51924	0.95
-122.476663	45.519235	8.1
-122.476663	45.519235	2.658333333333333
-122.476663	45.519235	6.2
-122.476663	45.519235	0
-122.477305	45.519238	0
-122.477305	45.519238	0
-122.477305	45.519238	11.8
-122.477305	45.519238	4.635294117647059
-122.47808	45.519233	12.4
-122.47808	45.519233	11.8
-122.47808	45.519233	3.676190476190476
-122.47808	45.519233	12.4
-122.478872	45.519237	5.2
-122.478872	45.519237	12.4
-122.478872	45.519237	12.4
-122.478872	45.519237	0
-122.479202	45.519242	0
-122.479202	45.519242	5.350642538683451
-122.479202	45.519242	2.08
-122.479202	45.519242	5.2
-122.479897	45.519228	2.08
-122.479897	45.519228	12.2
-122.479897	45.519228	0
-122.479897	45.519228	3.456
-122.480697	45.519227	0
-122.480697	45.519227	5.298960831334932
-122.480697	45.519227	12.2
-122.480697	45.519227	0
-122.481527	45.519222	5.288954108858058
-122.481527	45.519222	0
-122.481527	45.519222	0
-122.481527	45.519222	4.1567567567567565
-122.482435	45.51922	6.942028985507246
-122.482435	45.51922	13.8
-122.482435	45.51922	6.942028985507246
-122.482435	45.51922	13.8
-122.483332	45.519218	0
-122.483332	45.519218	13.8
-122.483332	45.519218	5.28948772678762
-122.483332	45.519218	13.8
-122.484067	45.519223	0
-122.484067	45.519223	8.1
-122.484067	45.519223	5.547826086956522
-122.484067	45.519223	5.398892697073556
-122.484387	45.51923	0
-122.484387	45.51923	5.415502240970208
-122.484387	45.51923	5.4874279727606075
-122.484387	45.51923	0
-122.484768	45.51922	0
-122.484768	45.51922	5.326912787586945
-122.484768	45.51922	10.4
-122.484768	45.51922	5.7
-122.485447	45.519217	0
-122.485447	45.519217	10.4
-122.485447	45.519217	6.066666666666666
-122.485447	45.519217	0
-122.486298	45.519212	0
-122.486298	45.519212	5.332798287854468
-122.486298	45.519212	0
-122.486298	45.519212	5.332798287854468
-122.487267	45.519215	0
-122.487267	45.519215	5.713146385387188
-122.487267	45.519215	0
-122.487267	45.519215	7.108333333333333
-122.488235	45.519215	14.333333333333334
-122.488235	45.519215	0
-122.490167	45.519215	4.703703703703703
-122.490167	45.519215	0
-122.491032	45.519217	13.8
-122.491032	45.519217	14.333333333333334
-122.491928	45.519218	13.666666666666666
-122.491928	45.519218	13.8
-122.492812	45.51922	3.8347826086956522
-122.492812	45.51922	0
-122.493652	45.519223	0
-122.493652	45.519223	3.3451327433628317
-122.494592	45.519218	13
-122.494592	45.519218	13.666666666666666
-122.49544	45.519217	8.6
-122.49544	45.519217	13
-122.496008	45.51922	1
-122.496008	45.51922	8.6
-122.496203	45.519227	4.826086956521739
-122.496203	45.519227	0
-122.497017	45.519195	1
-122.497017	45.519195	12
-122.497803	45.519188	0
-122.497803	45.519188	12
-122.498438	45.519182	0
-122.498438	45.519182	4.93455497382199
-122.498557	45.519182	0
-122.498557	45.519182	0
-122.498557	45.519182	0.5
-122.498557	45.519182	3.8347826086956522
-122.498557	45.519182	3.3451327433628317
-122.498557	45.519182	7.148148148148148
-122.49858	45.519182	4.4
-122.49858	45.519182	0.5
-122.49886	45.519185	4.4
-122.49886	45.519185	6.8
-122.499307	45.519208	6.8
-122.499307	45.519208	0
-122.49961	45.519233	0
-122.49961	45.519233	0
-122.500957	45.519222	0
-122.500957	45.519222	12.84
-122.50172	45.519223	4.703703703703703
-122.50172	45.519223	0
-122.502515	45.519223	0
-122.502515	45.519223	12.2
-122.503315	45.519223	10.92
-122.503315	45.519223	12.2
-122.504207	45.519223	0
-122.504207	45.519223	3.9214285714285713
-122.505152	45.51923	0
-122.505152	45.51923	13.9
-122.506083	45.51923	0
-122.506083	45.51923	7.148148148148148
-122.506972	45.519225	3.325925925925926
-122.506972	45.519225	13.9
-122.507748	45.519225	0
-122.507748	45.519225	4.826086956521739
-122.508563	45.519222	3.2962962962962963
-122.508563	45.519222	0
-122.509317	45.51922	12.84
-122.509317	45.51922	0
-122.509878	45.519225	0
-122.509878	45.519225	3.5037037037037035
-122.510228	45.519232	0
-122.510228	45.519232	0.4631578947368421
-122.510448	45.519232	0
-122.510448	45.519232	10.92
-122.510782	45.51922	0
-122.510782	45.51922	0.4631578947368421
-122.511353	45.519217	11.2
-122.511353	45.519217	3.9214285714285713
-122.512082	45.519217	11.2
-122.512082	45.519217	10.9
-122.51281	45.519212	0
-122.51281	45.519212	3.325925925925926
-122.513502	45.519207	10.9
-122.513502	45.519207	12.9
-122.51433	45.519203	3.2962962962962963
-122.51433	45.519203	0
-122.515165	45.519198	12.9
-122.515165	45.519198	0
-122.51601	45.51919	0
-122.51601	45.51919	3.5037037037037035
-122.516773	45.51919	6.4714285714285715
-122.516773	45.51919	0
-122.517318	45.519193	3.3714285714285714
-122.517318	45.519193	0
-122.51744	45.519197	7.628571428571429
-122.51744	45.519197	0
-122.518228	45.519183	0
-122.518228	45.519183	10.58
-122.518828	45.519177	3.3714285714285714
-122.518828	45.519177	9.6
-122.519465	45.519175	0
-122.519465	45.519175	6.5479452054794525
-122.520085	45.519175	9.6
-122.520085	45.519175	8.3
-122.52063	45.51917	7.173333333333333
-122.52063	45.51917	0
-122.521173	45.519167	0
-122.521173	45.519167	8.3
-122.52184	45.51917	5.360215053763441
-122.52184	45.51917	0
-122.522655	45.519162	0
-122.522655	45.519162	6.4714285714285715
-122.523518	45.519153	2.8905109489051095
-122.523518	45.519153	0
-122.524343	45.519155	10.7
-122.524343	45.519155	7.628571428571429
-122.525105	45.519155	0
-122.525105	45.519155	10.58
-122.525752	45.519162	10.7
-122.525752	45.519162	7.4
-122.526253	45.519162	7.4
-122.526253	45.519162	0
-122.526455	45.519167	5.188118811881188
-122.526455	45.519167	0
-122.527622	45.519147	11.4
-122.527622	45.519147	7.173333333333333
-122.528355	45.519145	9.6
-122.528355	45.519145	11.4
-122.529102	45.519138	0
-122.529102	45.519138	5.938969258589512
-122.529645	45.519142	9.6
-122.529645	45.519142	0
-122.529823	45.519148	0
-122.529823	45.519148	1.7419354838709677
-122.530452	45.519128	10.8
-122.530452	45.519128	1.7419354838709677
-122.531145	45.519123	10.8
-122.531145	45.519123	3.146153846153846
-122.531905	45.519122	0
-122.531905	45.519122	6.5479452054794525
-122.532627	45.519123	0
-122.532627	45.519123	6.6
-122.533247	45.519125	0
-122.533247	45.519125	5.188118811881188
-122.533552	45.519123	6.6
-122.533552	45.519123	1.1888888888888889
-122.53483	45.519103	10.6
-122.53483	45.519103	5.360215053763441
-122.535542	45.519105	10.6
-122.535542	45.519105	0
-122.53609	45.519103	0
-122.53609	45.519103	6.001643964302489
-122.536357	45.519108	0
-122.536357	45.519108	0.13333333333333333
-122.536443	45.519107	0.13333333333333333
-122.536443	45.519107	1.5414634146341464
-122.536542	45.519105	3.146153846153846
-122.536542	45.519105	0
-122.536917	45.519102	0
-122.536917	45.519102	1.8634146341463416
-122.537305	45.519102	6.051972596267422
-122.537305	45.519102	0
-122.537493	45.519105	0
-122.537493	45.519105	1.9365853658536585
-122.537787	45.519082	1.1888888888888889
-122.537787	45.519082	0
-122.538335	45.519085	0
-122.538335	45.519085	0
-122.53915	45.519082	2.8905109489051095
-122.53915	45.519082	0
-122.540018	45.519077	0
-122.540018	45.519077	6.243687178229958
-122.54028	45.519092	6.265989092711949
-122.54028	45.519092	0
-122.540595	45.51908	0
-122.540595	45.51908	1.5414634146341464
-122.541228	45.519067	6.261383214373615
-122.541228	45.519067	0
-122.541977	45.519068	0
-122.541977	45.519068	1.8634146341463416
-122.542507	45.519067	0
-122.542507	45.519067	6.267794922847187
-122.5427	45.519063	1.9365853658536585
-122.5427	45.519063	0
-122.542733	45.519062	0
-122.542733	45.519062	7.826086956521739
-122.54302	45.51906	3.3714285714285714
-122.54302	45.51906	0
-122.543413	45.51907	0
-122.543413	45.51907	6.141304347826087
-122.543923	45.519058	0
-122.543923	45.519058	12.571428571428571
-122.544573	45.51905	12.4
-122.544573	45.51905	3.3714285714285714
-122.54538	45.519043	12.4
-122.54538	45.519043	14.571428571428571
-122.546255	45.51904	0
-122.546255	45.51904	8.734375
-122.547153	45.519035	6.277310924369748
-122.547153	45.519035	0
-122.54804	45.519027	14.571428571428571
-122.54804	45.519027	0
-122.5489	45.51903	0
-122.5489	45.51903	5.666666666666667
-122.549788	45.519043	13
-122.549788	45.519043	7.826086956521739
-122.550625	45.519048	13
-122.550625	45.519048	0
-122.551343	45.519052	0
-122.551343	45.519052	7.6
-122.55197	45.519067	12.571428571428571
-122.55197	45.519067	0
-122.55235	45.519073	4.581818181818182
-122.55235	45.519073	7.6
-122.552998	45.51903	0
-122.552998	45.51903	5.165217391304348
-122.553542	45.519022	8.734375
-122.553542	45.519022	2.3333333333333335
-122.553803	45.519023	0
-122.553803	45.519023	0
-122.553818	45.519022	0
-122.553818	45.519022	2.3333333333333335
-122.553818	45.519022	5.291666666666667
-122.553818	45.519022	0
-122.553818	45.519022	0
-122.553818	45.519022	0
-122.55387	45.51902	0
-122.55387	45.51902	3.6392857142857142
-122.554313	45.519025	4.693939393939394
-122.554313	45.519025	0
-122.554992	45.519048	0
-122.554992	45.519048	4.8625
-122.555625	45.519077	4.581818181818182
-122.555625	45.519077	4.6
-122.555932	45.519095	4.6
-122.555932	45.519095	0
-122.55688	45.519085	6.133333333333334
-122.55688	45.519085	6.277310924369748
-122.557472	45.51909	0
-122.557472	45.51909	3.973333333333333
-122.557718	45.519182	0
-122.557718	45.519182	5.666666666666667
-122.557768	45.519407	0
-122.557768	45.519407	3.8666666666666667
-122.557788	45.519472	6.141304347826087
-122.557788	45.519472	2
-122.557967	45.5197	2
-122.557967	45.5197	0
-122.55826	45.520153	0
-122.55826	45.520153	0
-122.558323	45.520717	4.8625
-122.558323	45.520717	0
-122.558313	45.521202	5.165217391304348
-122.558313	45.521202	7.6
-122.558318	45.521558	0
-122.558318	45.521558	7.6
-122.558345	45.521872	0
-122.558345	45.521872	6.133333333333334
-122.558348	45.521983	3.0210526315789474
-122.558348	45.521983	0
-122.558342	45.522158	3.4
-122.558342	45.522158	5.291666666666667
-122.558333	45.522322	3.4
-122.558333	45.522322	1
-122.55832	45.522502	1
-122.55832	45.522502	0
-122.558342	45.522698	0
-122.558342	45.522698	3.006666666666667
-122.558597	45.522787	0
-122.558597	45.522787	4.8
-122.55891	45.52278	2.6714285714285713
-122.55891	45.52278	4.8
-122.559215	45.522775	4.823151125401929
-122.559215	45.522775	0
-122.560165	45.522742	0
-122.560165	45.522742	0
-122.560725	45.522743	0
-122.560725	45.522743	3.973333333333333
-122.561077	45.522743	3.0210526315789474
-122.561077	45.522743	0
-122.561173	45.52274	0
-122.561173	45.52274	3.8666666666666667
-122.561173	45.52274	0
-122.561173	45.52274	0.3333333333333333
-122.561173	45.52274	0
-122.561173	45.52274	0.3333333333333333
-122.561183	45.52274	5.069387755102041
-122.561183	45.52274	0
-122.561267	45.52274	0
-122.561267	45.52274	4.070588235294117
-122.561395	45.522738	2.6714285714285713
-122.561395	45.522738	0
-122.561505	45.522735	0
-122.561505	45.522735	5.176470588235294
-122.561543	45.522735	0
-122.561543	45.522735	6.122580645161291
-122.561655	45.522733	0
-122.561655	45.522733	9.727272727272727
-122.562122	45.522735	0
-122.562122	45.522735	5.682352941176471
-122.562652	45.52274	0
-122.562652	45.52274	3.6392857142857142
-122.563162	45.52274	0
-122.563162	45.52274	6.005847953216374
-122.564212	45.52271	3.006666666666667
-122.564212	45.52271	0
-122.564975	45.522703	6.786666666666667
-122.564975	45.522703	0
-122.565753	45.522702	4.070588235294117
-122.565753	45.522702	0
-122.566457	45.522703	0
-122.566457	45.522703	0
-122.567195	45.522703	0
-122.567195	45.522703	5.176470588235294
-122.567932	45.52271	0
-122.567932	45.52271	6.346666666666667
-122.568605	45.52271	0
-122.568605	45.52271	9.727272727272727
-122.56932	45.52272	0
-122.56932	45.52272	5.363636363636363
-122.570017	45.522758	6.8
-122.570017	45.522758	4.693939393939394
-122.570483	45.522795	0
-122.570483	45.522795	6.8
-122.570638	45.522803	0
-122.570638	45.522803	3.914285714285714
-122.571623	45.522755	6.786666666666667
-122.571623	45.522755	0
-122.572342	45.522758	0
-122.572342	45.522758	3.914285714285714
-122.573155	45.522763	5.363636363636363
-122.573155	45.522763	4.987654320987654
-122.573893	45.522767	0
-122.573893	45.522767	6.122580645161291
-122.574187	45.522783	3.7954545454545454
-122.574187	45.522783	6.346666666666667
-122.574687	45.522755	5.682352941176471
-122.574687	45.522755	11.8
-122.575442	45.52276	0
-122.575442	45.52276	11.8
-122.576482	45.522768	6.005847953216374
-122.576482	45.522768	5.492307692307692
-122.577293	45.522783	5.069387755102041
-122.577293	45.522783	0
-122.578438	45.522802	4.987654320987654
-122.578438	45.522802	5
-122.57884	45.522812	1.2588235294117647
-122.57884	45.522812	4.823151125401929
-122.580135	45.522797	1.2588235294117647
-122.580135	45.522797	0
-122.581018	45.522795	0
-122.581018	45.522795	13.6
-122.581907	45.522807	13.6
-122.581907	45.522807	14.6
-122.582787	45.522812	3.7954545454545454
-122.582787	45.522812	0
-122.583782	45.522827	14.6
-122.583782	45.522827	15.2
-122.584773	45.522835	15.2
-122.584773	45.522835	0
-122.585765	45.522845	5.492307692307692
-122.585765	45.522845	0
-122.586595	45.522863	5
-122.586595	45.522863	4.257142857142857
-122.587742	45.523007	0
-122.587742	45.523007	7.9
-122.588442	45.52313	6.166666666666667
-122.588442	45.52313	4.257142857142857
-122.588843	45.523147	7.9
-122.588843	45.523147	6.664864864864865
-122.589918	45.523123	0
-122.589918	45.523123	8.8
-122.590798	45.523135	6.166666666666667
-122.590798	45.523135	5
-122.591645	45.523155	4.333333333333333
-122.591645	45.523155	0
-122.59186	45.523157	0
-122.59186	45.523157	0
-122.592835	45.52317	7.7
-122.592835	45.52317	5
-122.593323	45.523158	4.333333333333333
-122.593323	45.523158	9.4
-122.593925	45.523148	12.1
-122.593925	45.523148	7.7
-122.594665	45.523138	9.4
-122.594665	45.523138	0
-122.595515	45.523135	12.1
-122.595515	45.523135	0
-122.596373	45.52313	0
-122.596373	45.52313	6.44
-122.597278	45.523113	6.253333333333333
-122.597278	45.523113	0
-122.598062	45.522975	8.8
-122.598062	45.522975	11.6
-122.598802	45.522898	11.6
-122.598802	45.522898	9.9
-122.59941	45.522918	0
-122.59941	45.522918	0
-122.6001	45.522918	9.9
-122.6001	45.522918	11
-122.600807	45.522905	11
-122.600807	45.522905	7.8
-122.601312	45.522892	7.8
-122.601312	45.522892	6.6
-122.60175	45.522922	6.6
-122.60175	45.522922	5.4
-122.602098	45.522927	5.4
-122.602098	45.522927	0
-122.602628	45.522923	4.795454545454546
-122.602628	45.522923	6.44
-122.603363	45.522908	6.253333333333333
-122.603363	45.522908	10.2
-122.604012	45.522927	0
-122.604012	45.522927	10.2
-122.604915	45.522913	0
-122.604915	45.522913	6.664864864864865
-122.605635	45.522893	10
-122.605635	45.522893	0
-122.606282	45.522895	10
-122.606282	45.522895	8.4
-122.606823	45.522897	8.4
-122.606823	45.522897	2.5
-122.607098	45.522893	6.898550724637682
-122.607098	45.522893	0
-122.607162	45.522893	7.4
-122.607162	45.522893	2.5
-122.607552	45.522895	9.9
-122.607552	45.522895	0
-122.608132	45.522897	7.4
-122.608132	45.522897	11
-122.608842	45.5229	9.9
-122.608842	45.5229	0
-122.609565	45.522902	11
-122.609565	45.522902	4.611940298507463
-122.609993	45.522928	0
-122.609993	45.522928	0
-122.610783	45.522905	0
-122.610783	45.522905	11.6
-122.611547	45.522903	13.6
-122.611547	45.522903	11.6
-122.612427	45.522907	13.3
-122.612427	45.522907	13.6
-122.613308	45.522907	6.898550724637682
-122.613308	45.522907	10.8
-122.614167	45.522923	13.3
-122.614167	45.522923	0
-122.614715	45.522973	10.8
-122.614715	45.522973	0
-122.61588	45.523133	3.214723926380368
-122.61588	45.523133	0
-122.616827	45.523123	13.933333333333334
-122.616827	45.523123	4.93455497382199
-122.618698	45.522773	0
-122.618698	45.522773	2.85
-122.619473	45.522838	13.933333333333334
-122.619473	45.522838	6.066666666666666
-122.619965	45.523022	5.2
-122.619965	45.523022	0
-122.620278	45.523125	2.0125
-122.620278	45.523125	5.2
-122.620558	45.52319	4.133333333333334
-122.620558	45.52319	6.066666666666666
-122.620913	45.523253	1.4875
-122.620913	45.523253	0
-122.621183	45.52331	0
-122.621183	45.52331	0
-122.62135	45.523347	4.133333333333334
-122.62135	45.523347	0
-122.621432	45.523367	0
-122.621432	45.523367	0.8141592920353983
-122.621463	45.523375	3.9243697478991595
-122.621463	45.523375	0
-122.621542	45.523393	0
-122.621542	45.523393	2.85
-122.621798	45.523443	5
-122.621798	45.523443	0
-122.62212	45.523492	5
-122.62212	45.523492	3.0120481927710845
-122.622322	45.523512	2.0125
-122.622322	45.523512	0
-122.62241	45.523522	5.013513513513513
-122.62241	45.523522	0
-122.622443	45.523523	0.4
-122.622443	45.523523	1.4875
-122.622472	45.523527	0.4
-122.622472	45.523527	0
-122.622497	45.523528	3.214723926380368
-122.622497	45.523528	10.82
-122.622605	45.523537	0
-122.622605	45.523537	0.8141592920353983
-122.623018	45.52355	0
-122.623018	45.52355	6.384615384615385
-122.623693	45.523525	6.2384615384615385
-122.623693	45.523525	0
-122.624497	45.523428	0
-122.624497	45.523428	0
-122.625295	45.523255	3.0120481927710845
-122.625295	45.523255	12.8
-122.626087	45.523083	12.8
-122.626087	45.523083	0
-122.626933	45.52295	0
-122.626933	45.52295	5.515384615384615
-122.627798	45.52289	11.2
-122.627798	45.52289	0
-122.62853	45.522888	11.2
-122.62853	45.522888	0
-122.629383	45.52288	10.82
-122.629383	45.52288	13.6
-122.630278	45.522882	13.6
-122.630278	45.522882	10
-122.630945	45.52288	0
-122.630945	45.52288	10
-122.631232	45.522885	0
-122.631232	45.522885	3.164705882352941
-122.631335	45.522888	0
-122.631335	45.522888	4.6
-122.631768	45.52291	0
-122.631768	45.52291	0
-122.631983	45.522923	5.013513513513513
-122.631983	45.522923	0
-122.632373	45.5229	6.6
-122.632373	45.5229	0
-122.632882	45.522907	0
-122.632882	45.522907	0
-122.633338	45.522908	4.611940298507463
-122.633338	45.522908	0
-122.633522	45.522905	3.9243697478991595
-122.633522	45.522905	0
-122.633733	45.522903	6.384615384615385
-122.633733	45.522903	0
-122.634168	45.522907	6.2384615384615385
-122.634168	45.522907	0
-122.634705	45.522907	3.164705882352941
-122.634705	45.522907	0
-122.63522	45.522905	4.6
-122.63522	45.522905	0
-122.635812	45.522903	6.6
-122.635812	45.522903	0
-122.636315	45.5229	5.515384615384615
-122.636315	45.5229	0
-122.636597	45.522895	5.368878357030016
-122.636597	45.522895	0
-122.636645	45.522895	5.379800498753117
-122.636645	45.522895	0
-122.636648	45.522895	5.729346970889064
-122.636648	45.522895	0
-122.63667	45.522895	0
-122.63667	45.522895	5.371571072319202
-122.636873	45.5229	0
-122.636873	45.5229	6.1923076923076925
-122.63735	45.522913	4.956521739130435
-122.63735	45.522913	0
-122.637888	45.52292	0
-122.637888	45.52292	5.2967032967032965
-122.638057	45.52292	3.3225806451612905
-122.638057	45.52292	4.795454545454546
-122.638787	45.522887	0
-122.638787	45.522887	7.093333333333334
-122.639338	45.522883	10.8
-122.639338	45.522883	3.3225806451612905
-122.639992	45.522887	0
-122.639992	45.522887	6.355555555555555
-122.640737	45.522885	10.8
-122.640737	45.522885	10.2
-122.641425	45.522905	4
-122.641425	45.522905	10.2
-122.64174	45.522917	2.92
-122.64174	45.522917	4
-122.64261	45.522895	0
-122.64261	45.522895	2.92
-122.643362	45.522905	0
-122.643362	45.522905	6.582608695652174
-122.644118	45.522905	5.2967032967032965
-122.644118	45.522905	0
-122.644955	45.522913	6.285714285714286
-122.644955	45.522913	0
-122.645577	45.522933	0
-122.645577	45.522933	0
-122.645793	45.52294	4.64
-122.645793	45.52294	7.093333333333334
-122.64647	45.52292	0
-122.64647	45.52292	4.896774193548387
-122.647212	45.522923	0
-122.647212	45.522923	4.64
-122.648882	45.522925	4.82
-122.648882	45.522925	0
-122.649482	45.522932	6.1923076923076925
-122.649482	45.522932	6.2
-122.64964	45.523158	6.2
-122.64964	45.523158	4.7
-122.649615	45.523438	0
-122.649615	45.523438	5.06
-122.649587	45.523625	4.7
-122.649587	45.523625	0
-122.649572	45.523805	3.776470588235294
-122.649572	45.523805	6.285714285714286
-122.649563	45.523982	0
-122.649563	45.523982	4.0588235294117645
-122.649552	45.524152	0
-122.649552	45.524152	6.355555555555555
-122.649527	45.524317	0
-122.649527	45.524317	4.123239436619718
-122.649592	45.524438	0
-122.649592	45.524438	4.09433962264151
-122.649967	45.524368	4.82
-122.649967	45.524368	0
-122.65049	45.524155	0
-122.65049	45.524155	4.1179487179487175
-122.651022	45.523948	6.582608695652174
-122.651022	45.523948	0
-122.651325	45.523843	4.742857142857143
-122.651325	45.523843	5.06
-122.65208	45.523655	0
-122.65208	45.523655	5.416243654822335
-122.65272	45.523655	3.776470588235294
-122.65272	45.523655	0
-122.653248	45.52365	4.278260869565218
-122.653248	45.52365	4.0588235294117645
-122.654213	45.523635	0
-122.654213	45.523635	4.896774193548387
-122.654543	45.523635	4.526315789473684
-122.654543	45.523635	0
-122.655108	45.523632	9.6
-122.655108	45.523632	4.09433962264151
-122.65574	45.523637	0
-122.65574	45.523637	9.6
-122.65623	45.523635	0
-122.65623	45.523635	5.342391304347826
-122.657	45.523643	0
-122.657	45.523643	2.857142857142857
-122.657865	45.523648	4.742857142857143
-122.657865	45.523648	0
-122.658428	45.523652	2.618705035971223
-122.658428	45.523652	0
-122.659375	45.523648	5.933098591549296
-122.659375	45.523648	0
-122.659713	45.523652	0
-122.659713	45.523652	4.278260869565218
-122.660003	45.523653	5.589958158995816
-122.660003	45.523653	0
-122.660172	45.523657	4.526315789473684
-122.660172	45.523657	0
-122.66048	45.52366	0
-122.66048	45.52366	4.956521739130435
-122.66099	45.523663	4.1179487179487175
-122.66099	45.523663	0
-122.661443	45.523675	6.603658536585366
-122.661443	45.523675	0
-122.66222	45.523638	2.857142857142857
-122.66222	45.523638	0
-122.662398	45.523298	0
-122.662398	45.523298	13.52
-122.66257	45.523038	0
-122.66257	45.523038	2.618705035971223
-122.663145	45.52303	9.933333333333334
-122.663145	45.52303	0
-122.663927	45.523038	4.123239436619718
-122.663927	45.523038	0
-122.664862	45.523058	0
-122.664862	45.523058	6.34
-122.665955	45.52308	0
-122.665955	45.52308	8.16
-122.667172	45.523108	0
-122.667172	45.523108	0
-122.668443	45.52313	5.342391304347826
-122.668443	45.52313	18
-122.66961	45.52315	0
-122.66961	45.52315	18
-122.67049	45.523198	5.533333333333333
-122.67049	45.523198	0
-122.670958	45.523227	13.52
-122.670958	45.523227	0
-122.672475	45.523202	0
-122.672475	45.523202	0
-122.672852	45.523198	9.933333333333334
-122.672852	45.523198	5.2
-122.673192	45.523192	5.2
-122.673192	45.523192	5.6
-122.673557	45.523183	5.6
-122.673557	45.523183	0
-122.673935	45.523168	4.15
-122.673935	45.523168	8.16
-122.67435	45.523153	0
-122.67435	45.523153	4.3
-122.67493	45.52314	6.603658536585366
-122.67493	45.52314	0
-122.675467	45.523135	0
-122.675467	45.523135	4.2
-122.675902	45.52314	0
-122.675902	45.52314	5.533333333333333
-122.676027	45.523142	4.2
-122.676027	45.523142	4.976470588235294
-122.676372	45.523117	0
-122.676372	45.523117	0
-122.676797	45.523103	0
-122.676797	45.523103	5.589958158995816
-122.677253	45.523098	6.34
-122.677253	45.523098	4.925
-122.677733	45.52309	0
-122.677733	45.52309	0
-122.678252	45.523085	4.15
-122.678252	45.523085	0
-122.678843	45.523072	4.3
-122.678843	45.523072	9.7
-122.679427	45.523042	0
-122.679427	45.523042	5.416243654822335
-122.680103	45.523028	9.7
-122.680103	45.523028	8.6
-122.680717	45.523027	5.933098591549296
-122.680717	45.523027	0
-122.681227	45.523017	8.6
-122.681227	45.523017	1.425
-122.681545	45.523015	4.976470588235294
-122.681545	45.523015	0
-122.681972	45.523007	1.425
-122.681972	45.523007	0
-122.682377	45.522998	4.925
-122.682377	45.522998	0
-122.68291	45.522995	0
-122.68291	45.522995	5.328715365239295
-122.68342	45.522987	4.285714285714286
-122.68342	45.522987	0
-122.683847	45.522978	5.233633487466537
-122.683847	45.522978	0
-122.684427	45.522968	3.9060402684563758
-122.684427	45.522968	0
-122.685057	45.52296	4.616580310880829
-122.685057	45.52296	5.197183098591549
-122.685677	45.52295	0
-122.685677	45.52295	3.386206896551724
-122.68627	45.522937	0
-122.68627	45.522937	0
-122.686802	45.522923	0
-122.686802	45.522923	0
-122.687245	45.522917	5.172855313700384
-122.687245	45.522917	0
-122.687553	45.522927	0
-122.687553	45.522927	3.118181818181818
-122.687715	45.522935	5.256455696202532
-122.687715	45.522935	0
-122.687863	45.522945	0
-122.687863	45.522945	3.0701107011070112
-122.688708	45.522983	0
-122.688708	45.522983	5.203274559193955
-122.689245	45.52301	0
-122.689245	45.52301	0
-122.689743	45.52304	3
-122.689743	45.52304	5.183879093198993
-122.68998	45.523055	3
-122.68998	45.523055	0
-122.690588	45.52308	10.4
-122.690588	45.52308	0
-122.691267	45.523115	0
-122.691267	45.523115	10.4
-122.691802	45.52314	0
-122.691802	45.52314	5.108728179551123
-122.692037	45.523153	3.8727272727272726
-122.692037	45.523153	3.118181818181818
-122.692052	45.523153	0
-122.692052	45.523153	4.285714285714286
-122.692052	45.523153	0
-122.692052	45.523153	0
-122.692052	45.523153	4.302631578947368
-122.692052	45.523153	3.9060402684563758
-122.692058	45.523153	0
-122.692058	45.523153	0
-122.692108	45.523153	3.386206896551724
-122.692108	45.523153	0
-122.692422	45.52317	3.2884615384615383
-122.692422	45.52317	0
-122.692802	45.523192	4.419753086419753
-122.692802	45.523192	0
-122.693482	45.523227	0
-122.693482	45.523227	4.71875
-122.694155	45.52326	4.166666666666667
-122.694155	45.52326	0
-122.694763	45.523293	3.8727272727272726
-122.694763	45.523293	0
-122.694953	45.523303	2.358490566037736
-122.694953	45.523303	0
-122.695613	45.523337	2.1481481481481484
-122.695613	45.523337	0
-122.696237	45.523368	0
-122.696237	45.523368	4.302631578947368
-122.696755	45.523393	0
-122.696755	45.523393	0
-122.69724	45.523417	0
-122.69724	45.523417	5.102159669983013
-122.697378	45.523423	0
-122.697378	45.523423	0
-122.697465	45.523428	4.419753086419753
-122.697465	45.523428	0
-122.697478	45.523428	4.71875
-122.697478	45.523428	0
-122.697478	45.523428	4.166666666666667
-122.697478	45.523428	0
-122.697478	45.523428	0
-122.697478	45.523428	0
-122.69774	45.523442	0
-122.69774	45.523442	0
-122.6979	45.523458	0
-122.6979	45.523458	2.1481481481481484
-122.698152	45.523493	0
-122.698152	45.523493	2.358490566037736
-122.698628	45.523563	0
-122.698628	45.523563	3.0701107011070112
-122.699072	45.523627	4
-122.699072	45.523627	3.2884615384615383
-122.699363	45.52367	4
-122.699363	45.52367	0
-122.6994	45.523675	6
-122.6994	45.523675	0
-122.699548	45.523698	0
-122.699548	45.523698	0
-122.699925	45.523758	5.125560538116592
-122.699925	45.523758	9.2
-122.700477	45.52384	0
-122.700477	45.52384	6
-122.70102	45.523955	0
-122.70102	45.523955	0
-122.701635	45.524097	9.2
-122.701635	45.524097	0
-122.702307	45.524235	0
-122.702307	45.524235	12.155555555555555
-122.703045	45.524272	11.133333333333333
-122.703045	45.524272	0
-122.703817	45.524267	5.181350954478708
-122.703817	45.524267	13
-122.704645	45.524242	13
-122.704645	45.524242	0
-122.70551	45.524208	7.545454545454546
-122.70551	45.524208	0
-122.706387	45.52414	0
-122.706387	45.52414	0
-122.707287	45.52405	11.5
-122.707287	45.52405	0
-122.708025	45.523972	0
-122.708025	45.523972	4.616580310880829
-122.708755	45.523828	11.5
-122.708755	45.523828	0
-122.709353	45.523667	0
-122.709353	45.523667	12.155555555555555
-122.709547	45.523612	11.133333333333333
-122.709547	45.523612	0
-122.709687	45.523568	5.199032480995163
-122.709687	45.523568	0
-122.710143	45.523452	0
-122.710143	45.523452	5.19075907590759
-122.710723	45.523277	7.545454545454546
-122.710723	45.523277	0
-122.711408	45.523073	0
-122.711408	45.523073	5.2578302315024965
-122.712178	45.522885	5.288650580875782
-122.712178	45.522885	0
-122.712985	45.52278	5.204081632653061
-122.712985	45.52278	0
-122.713803	45.52274	5.299821268990169
-122.713803	45.52274	0
-122.714665	45.522713	0
-122.714665	45.522713	5.280573901161467
-122.71551	45.522635	5.33655358346439
-122.71551	45.522635	0
-122.716232	45.522365	5.348749052312358
-122.716232	45.522365	14.181818181818182
-122.716893	45.521965	0
-122.716893	45.521965	5.360353438340376
-122.717738	45.521737	5.350977044204136
-122.717738	45.521737	14.18
-122.71865	45.521795	5.37588925206691
-122.71865	45.521795	14.6
-122.719577	45.521772	14.6
-122.719577	45.521772	0
-122.720338	45.521398	0
-122.720338	45.521398	5.393578158046529
-122.720927	45.520883	5.368878357030016
-122.720927	45.520883	14.4
-122.721483	45.520358	14.4
-122.721483	45.520358	14
-122.722013	45.51983	14.2
-122.722013	45.51983	14
-122.72258	45.51932	0
-122.72258	45.51932	14.2
-122.723388	45.519047	0
-122.723388	45.519047	0
-122.724273	45.519042	14.181818181818182
-122.724273	45.519042	13.6
-122.725062	45.519293	14.18
-122.725062	45.519293	0
-122.725835	45.51959	0
-122.725835	45.51959	5.729346970889064
-122.726635	45.519825	0
-122.726635	45.519825	5.464482955627499
-122.72748	45.519893	13.6
-122.72748	45.519893	0
-122.728335	45.519775	0
-122.728335	45.519775	13.82
-122.728335	45.519775	0
-122.728335	45.519775	5.294905462184874
		13.76
		5.288954108858058
		5.298960831334932
		13.909090909090908
-122.729873	45.519087	0
-122.729873	45.519087	0
-122.729873	45.519087	5.240580448065173
-122.729873	45.519087	13.8
-122.730687	45.518835	13.6
-122.730687	45.518835	13.8
-122.730687	45.518835	13.6
-122.730687	45.518835	5.28948772678762
-122.731552	45.518773	13.6
-122.731552	45.518773	0
-122.731552	45.518773	13
-122.731552	45.518773	13.6
-122.732387	45.51887	0
-122.732387	45.51887	15.366906474820144
-122.732387	45.51887	0
-122.732387	45.51887	0
-122.733162	45.519045	0
-122.733162	45.519045	5.326912787586945
-122.733162	45.519045	0
-122.733162	45.519045	13
-122.733943	45.519182	0
-122.733943	45.519182	15.402777777777779
-122.733943	45.519182	0
-122.733943	45.519182	5.350642538683451
-122.734868	45.519355	0
-122.734868	45.519355	5.332798287854468
-122.734868	45.519355	0
-122.734868	45.519355	5.332798287854468
-122.73582	45.519557	15.86
-122.73582	45.519557	0
-122.73582	45.519557	0
-122.73582	45.519557	13.3
-122.73665	45.519657	13.82
-122.73665	45.519657	0
-122.73665	45.519657	0
-122.73665	45.519657	15.840425531914894
-122.737517	45.519562	15.4
-122.737517	45.519562	13.76
-122.737517	45.519562	0
-122.737517	45.519562	13.3
-122.738425	45.519283	13.909090909090908
-122.738425	45.519283	16.833333333333332
-122.738425	45.519283	0
-122.738425	45.519283	15.4
-122.739422	45.518952	5.398892697073556
-122.739422	45.518952	16.38
-122.739422	45.518952	5.312084666502584
-122.739422	45.518952	0
-122.740447	45.51861	0
-122.740447	45.51861	17.2
-122.740447	45.51861	5.415502240970208
-122.740447	45.51861	0
-122.741435	45.518232	0
-122.741435	45.518232	15.284722222222221
-122.741435	45.518232	16.448275862068964
-122.741435	45.518232	17.2
-122.742278	45.517758	16.3
-122.742278	45.517758	0
-122.742278	45.517758	5.477937403796819
-122.742278	45.517758	16.4
-122.743038	45.517228	0
-122.743038	45.517228	16.4
-122.743038	45.517228	0
-122.743038	45.517228	15.966666666666667
-122.743818	45.516752	16.833333333333332
-122.743818	45.516752	0
-122.743818	45.516752	0
-122.743818	45.516752	15
-122.744682	45.51637	15.86
-122.744682	45.51637	0
-122.744682	45.51637	5.4874279727606075
-122.744682	45.51637	0
-122.745588	45.516053	0
-122.745588	45.516053	0
-122.745588	45.516053	0
-122.745588	45.516053	14.828282828282829
-122.746538	45.515898	14.801369863013699
-122.746538	45.515898	0
-122.746538	45.515898	16.448275862068964
-122.746538	45.515898	0
-122.747565	45.51598	0
-122.747565	45.51598	0
-122.747565	45.51598	0
-122.748677	45.516168	18.2
-122.748677	45.516168	16.38
-122.748677	45.516168	15.966666666666667
-122.748677	45.516168	19
-122.74981	45.516403	16.3
-122.74981	45.516403	0
-122.74981	45.516403	18.2
-122.74981	45.516403	20
-122.750842	45.51648	20
-122.750842	45.51648	16.2
-122.750842	45.51648	0
-122.750842	45.51648	19
-122.751807	45.516197	0
-122.751807	45.516197	5.716571428571428
-122.751807	45.516197	16.2
-122.751807	45.516197	15.4
-122.752615	45.515773	0
-122.752615	45.515773	15.4
-122.752615	45.515773	11.4
-122.752615	45.515773	0
-122.75322	45.515468	11.4
-122.75322	45.515468	11
-122.75322	45.515468	12.420689655172414
-122.75322	45.515468	0
-122.753778	45.515162	13.4
-122.753778	45.515162	15.840425531914894
-122.753778	45.515162	11
-122.753778	45.515162	14.5
-122.75446	45.514767	14.418181818181818
-122.75446	45.514767	0
-122.75446	45.514767	0
-122.75446	45.514767	13.4
-122.75503	45.514182	0
-122.75503	45.514182	7.493333333333333
-122.75503	45.514182	16.2
-122.75503	45.514182	14.5
-122.755557	45.513533	16.2
-122.755557	45.513533	14.266666666666667
-122.755557	45.513533	0
-122.755557	45.513533	0
-122.756105	45.512978	15.366906474820144
-122.756105	45.512978	0
-122.756105	45.512978	13.55
-122.756105	45.512978	0
-122.75753	45.512197	14
-122.75753	45.512197	14.266666666666667
-122.75753	45.512197	0
-122.75753	45.512197	13.178947368421053
-122.758397	45.511973	15.402777777777779
-122.758397	45.511973	0
-122.758397	45.511973	14
-122.758397	45.511973	13.5
-122.759193	45.511705	0
-122.759193	45.511705	15.945454545454545
-122.759193	45.511705	15.76
-122.759193	45.511705	0
-122.75993	45.511377	15
-122.75993	45.511377	0
-122.75993	45.511377	0
-122.75993	45.511377	13.5
-122.760557	45.51091	5.827272727272727
-122.760557	45.51091	0
-122.760557	45.51091	5.713146385387188
-122.760557	45.51091	14.466666666666667
-122.761127	45.510413	14.828282828282829
-122.761127	45.510413	15.2
-122.761127	45.510413	14.50909090909091
-122.761127	45.510413	0
-122.76184	45.509932	14.418181818181818
-122.76184	45.509932	17
-122.76184	45.509932	0
-122.76184	45.509932	15.2
-122.762772	45.50951	0
-122.762772	45.50951	13.38
-122.762772	45.50951	17
-122.762772	45.50951	16.6
-122.763725	45.509128	17.8
-122.763725	45.509128	16.6
-122.763725	45.509128	11.516666666666667
-122.763725	45.509128	0
-122.76478	45.508838	15.284722222222221
-122.76478	45.508838	18.2
-122.76478	45.508838	4.45531914893617
-122.76478	45.508838	0
-122.765937	45.50866	0
-122.765937	45.50866	17.8
-122.765937	45.50866	0
-122.765937	45.50866	18.2
-122.766972	45.508623	0
-122.766972	45.508623	0
-122.766972	45.508623	3.8514285714285714
-122.766972	45.508623	0
-122.768022	45.508693	0
-122.768022	45.508693	4.91578947368421
-122.768022	45.508693	15.76
-122.768022	45.508693	17.8
-122.769178	45.508762	0
-122.769178	45.508762	17.8
-122.769178	45.508762	0
-122.769178	45.508762	15.945454545454545
-122.770065	45.508823	2.076923076923077
-122.770065	45.508823	0
-122.770065	45.508823	0
-122.770065	45.508823	0
-122.77045	45.508913	14.801369863013699
-122.77045	45.508913	0
-122.77045	45.508913	0
-122.77045	45.508913	2.4232804232804233
-122.770327	45.509138	14.50909090909091
-122.770327	45.509138	0
-122.770327	45.509138	7.3
-122.770327	45.509138	14.466666666666667
-122.769962	45.509275	0
-122.769962	45.509275	13.38
-122.769962	45.509275	0
-122.769962	45.509275	0
-122.769603	45.509538	13.55
-122.769603	45.509538	7.4
-122.769603	45.509538	5.466666666666667
-122.769603	45.509538	7.3
-122.769505	45.509863	0
-122.769505	45.509863	13.178947368421053
-122.769505	45.509863	7.4
-122.769505	45.509863	5.4
-122.769783	45.509993	3.6
-122.769783	45.509993	5.4
-122.769783	45.509993	11.516666666666667
-122.769783	45.509993	0.73
-122.770032	45.509988	5.466666666666667
-122.770032	45.509988	0
-122.770032	45.509988	1.8
-122.770032	45.509988	3.6
-122.770147	45.509985	0
-122.770147	45.509985	1.8
-122.770147	45.509985	2.2
-122.770147	45.509985	12.420689655172414
-122.770305	45.509982	2.2
-122.770305	45.509982	0
-122.770305	45.509982	1.3523809523809525
-122.770305	45.509982	0
-122.770738	45.509967	6.4
-122.770738	45.509967	2.076923076923077
-122.770738	45.509967	5.35
-122.770738	45.509967	0.73
-122.771252	45.50995	5
-122.771252	45.50995	7.493333333333333
-122.771252	45.50995	0
-122.771252	45.50995	7
-122.771595	45.509938	2.4
-122.771595	45.509938	6.4
-122.771595	45.509938	2.4
-122.771595	45.509938	5
-122.77174	45.509933	0
-122.77174	45.509933	2.4
-122.77174	45.509933	2.4
-122.77174	45.509933	0
-122.772135	45.509915	7.225
-122.772135	45.509915	1.3523809523809525
-122.772135	45.509915	0
-122.772135	45.509915	5.35
-122.772565	45.509883	5.969230769230769
-122.772565	45.509883	0
-122.772702	45.509662	3.8514285714285714
-122.772702	45.509662	0
-122.77269	45.509465	0
-122.77269	45.509465	6.861538461538461
-122.77268	45.50933	5.827272727272727
-122.77268	45.50933	0
-122.772673	45.509248	8.428571428571429
-122.772673	45.509248	0
-122.772678	45.50921	0
-122.772678	45.50921	2.4232804232804233
-122.77282	45.509115	10
-122.77282	45.509115	0
-122.773475	45.509213	11.618181818181819
-122.773475	45.509213	0
-122.774428	45.509532	0
-122.774428	45.509532	4.45531914893617
-122.775367	45.51001	0
-122.775367	45.51001	0
-122.77612	45.510395	0
-122.77612	45.510395	5.969230769230769
-122.776748	45.510663	0
-122.776748	45.510663	7.716666666666667
-122.777418	45.510793	6.861538461538461
-122.777418	45.510793	12.4
-122.778227	45.510818	12.4
-122.778227	45.510818	0
-122.7795	45.510447	8.428571428571429
-122.7795	45.510447	7.36
-122.779915	45.5102	7
-122.779915	45.5102	0
-122.780338	45.509978	0
-122.780338	45.509978	7.5
-122.780835	45.509832	11.618181818181819
-122.780835	45.509832	0
-122.781303	45.509845	0
-122.781303	45.509845	7.5
-122.7815	45.50992	7.225
-122.7815	45.50992	8.971428571428572
-122.781508	45.509925	5
-122.781508	45.509925	4.91578947368421
-122.781792	45.509988	5
-122.781792	45.509988	0
-122.782295	45.510172	12.4
-122.782295	45.510172	7.716666666666667
-122.782988	45.510453	12.4
-122.782988	45.510453	0
-122.783723	45.510735	0
-122.783723	45.510735	7.36
-122.784417	45.511053	10
-122.784417	45.511053	0
-122.784887	45.511418	8.971428571428572
-122.784887	45.511418	6.733333333333333
-122.784887	45.511418	0
-122.784887	45.511418	3.729957805907173
-122.784825	45.51191	5.952941176470588
-122.784825	45.51191	0
-122.784825	45.51191	0
-122.784825	45.51191	5.952941176470588
-122.784555	45.512227	0
-122.784555	45.512227	3.7468354430379747
-122.784555	45.512227	0.7636363636363637
-122.784518	45.512313	0
-122.784518	45.512313	0
-122.784518	45.512313	0.68
-122.784518	45.512313	6.733333333333333
-122.784513	45.512325	0
-122.784513	45.512325	5.978947368421053
-122.784513	45.512325	6.547826086956522
-122.784513	45.512325	0
-122.784507	45.512368	0
-122.784507	45.512368	10.083333333333334
-122.784507	45.512368	10.083333333333334
-122.784507	45.512368	0
-122.784587	45.512602	0.68
-122.784587	45.512602	13.5
-122.784587	45.512602	0.7636363636363637
-122.784587	45.512602	15.533333333333333
-122.785237	45.512693	0
-122.785237	45.512693	6.00990099009901
-122.785237	45.512693	0
-122.785237	45.512693	7.54054054054054
-122.786248	45.51278	0
-122.786248	45.51278	13.5
-122.786248	45.51278	0
-122.786248	45.51278	0
-122.787368	45.513197	0
-122.787368	45.513197	15.533333333333333
-122.787368	45.513197	3.286624203821656
-122.787368	45.513197	0
-122.788198	45.513902	2.910828025477707
-122.788198	45.513902	0
-122.788198	45.513902	3.1728395061728394
-122.788198	45.513902	0
-122.788748	45.514675	9.9
-122.788748	45.514675	5.952941176470588
-122.788748	45.514675	0
-122.788748	45.514675	5.952941176470588
-122.789358	45.515262	0
-122.789358	45.515262	5.851485148514851
-122.789358	45.515262	2.6305732484076434
-122.789358	45.515262	0
-122.789648	45.515448	0
-122.789648	45.515448	9.9
-122.789648	45.515448	3
-122.789648	45.515448	0
-122.789737	45.515488	5.978947368421053
-122.789737	45.515488	11
-122.789737	45.515488	3.741496598639456
-122.789737	45.515488	0
-122.790165	45.515697	10.083333333333334
-122.790165	45.515697	12.2
-122.790165	45.515697	6.947916666666667
-122.790165	45.515697	10.083333333333334
-122.791608	45.516202	11
-122.791608	45.516202	4
-122.791608	45.516202	0
-122.791608	45.516202	12.2
-122.791912	45.516275	6.547826086956522
-122.791912	45.516275	4.5
-122.791912	45.516275	0
-122.791912	45.516275	4
-122.791933	45.51628	0
-122.791933	45.51628	14.875862068965517
-122.791933	45.51628	0
-122.791933	45.51628	0
-122.792228	45.516333	3.729957805907173
-122.792228	45.516333	8
-122.792228	45.516333	0
-122.792228	45.516333	3.286624203821656
-122.792552	45.516098	0
-122.792552	45.516098	2.910828025477707
-122.792552	45.516098	0
-122.792552	45.516098	8
-122.792867	45.515637	3.1728395061728394
-122.792867	45.515637	0
-122.792867	45.515637	3.7468354430379747
-122.792867	45.515637	0
-122.793263	45.515102	0
-122.793263	45.515102	9.95
-122.793263	45.515102	2.6305732484076434
-122.793263	45.515102	0
-122.793768	45.51445	0
-122.793768	45.51445	18
-122.793768	45.51445	3
-122.793768	45.51445	17.8
-122.794312	45.513735	17.8
-122.794312	45.513735	18.2
-122.794312	45.513735	0
-122.794312	45.513735	3.741496598639456
-122.794877	45.512995	18
-122.794877	45.512995	18.133333333333333
-122.794877	45.512995	18.2
-122.794877	45.512995	18.3
-122.795358	45.512233	0
-122.795358	45.512233	15.78
-122.795358	45.512233	6.00990099009901
-122.795358	45.512233	0
-122.795432	45.5114	0
-122.795432	45.5114	4.5
-122.795432	45.5114	18.3
-122.795432	45.5114	0
-122.795378	45.510577	15.527272727272727
-122.795378	45.510577	0
-122.795378	45.510577	18.133333333333333
-122.795378	45.510577	0
-122.795398	45.509843	0
-122.795398	45.509843	8.265384615384615
-122.795623	45.509132	0
-122.795623	45.509132	15.781818181818181
-122.795932	45.508452	5.851485148514851
-122.795932	45.508452	0
-122.79621	45.507773	14.8
-122.79621	45.507773	0
-122.796465	45.507117	15.50909090909091
-122.796465	45.507117	14.8
-122.796713	45.506425	6.947916666666667
-122.796713	45.506425	0
-122.797172	45.505792	0
-122.797172	45.505792	15.454545454545455
-122.797767	45.50532	0
-122.797767	45.50532	15.78
-122.798547	45.504922	14.581818181818182
-122.798547	45.504922	0
-122.800443	45.504165	0
-122.800443	45.504165	15.527272727272727
-122.801505	45.503748	0
-122.801505	45.503748	12.4
-122.802423	45.503372	15.781818181818181
-122.802423	45.503372	0
-122.803213	45.503043	0
-122.803213	45.503043	4.3478260869565215
-122.804052	45.502712	0
-122.804052	45.502712	0
-122.805017	45.502335	15.50909090909091
-122.805017	45.502335	0
-122.805687	45.501838	0
-122.805687	45.501838	4.878787878787879
-122.806055	45.501295	0
-122.806055	45.501295	15.454545454545455
-122.806332	45.50086	3.8583333333333334
-122.806332	45.50086	14.875862068965517
-122.806608	45.500388	14.581818181818182
-122.806608	45.500388	0
-122.806852	45.499973	0
-122.806852	45.499973	3.925
-122.807	45.49972	0.11428571428571428
-122.807	45.49972	12.4
-122.80704	45.499653	0
-122.80704	45.499653	0.11428571428571428
-122.807143	45.49948	9.50909090909091
-122.807143	45.49948	4.3478260869565215
-122.80732	45.499168	0
-122.80732	45.499168	8.963636363636363
-122.80754	45.49879	7.54054054054054
-122.80754	45.49879	0
-122.808108	45.497833	0
-122.808108	45.497833	11.6
-122.808403	45.49734	7.06
-122.808403	45.49734	11.6
-122.808648	45.496932	0
-122.808648	45.496932	3.8583333333333334
-122.808935	45.496438	6.3
-122.808935	45.496438	0
-122.809208	45.495977	0
-122.809208	45.495977	3.925
-122.809403	45.495572	9.95
-122.809403	45.495572	0
-122.809602	45.495215	0
-122.809602	45.495215	0
-122.809717	45.495015	9.50909090909091
-122.809717	45.495015	0
-122.80974	45.49497	0
-122.80974	45.49497	8.963636363636363
-122.80978	45.494888	7
-122.80978	45.494888	4.878787878787879
-122.809925	45.494585	7
-122.809925	45.494585	0
-122.810077	45.494317	0
-122.810077	45.494317	7.06
-122.810085	45.49406	8.265384615384615
-122.810085	45.49406	0
-122.809585	45.493943	0
-122.809585	45.493943	6.3
-122.808903	45.493805	0
-122.808903	45.493805	7.979591836734694
-122.808093	45.493638	5.966069583189804
-122.808093	45.493638	12.8
-122.80732	45.49341	8.8
-122.80732	45.49341	12.8
-122.806748	45.493512	0
-122.806748	45.493512	4.369230769230769
-122.806255	45.493645	8.8
-122.806255	45.493645	4.8
-122.805937	45.49366	0
-122.805937	45.49366	4.8
-122.805802	45.493663	5.430769230769231
-122.805802	45.493663	0
-122.80551	45.493662	4.22
-122.80551	45.493662	0
-122.804932	45.493673	3.9
-122.804932	45.493673	0
-122.804343	45.493688	5.6909090909090905
-122.804343	45.493688	0
-122.803967	45.4937	2.6
-122.803967	45.4937	7.979591836734694
-122.803797	45.493705	2.6
-122.803797	45.493705	2
-122.803655	45.493705	2.2
-122.803655	45.493705	2
-122.803512	45.493703	2.2
-122.803512	45.493703	2.1
-122.80338	45.493702	3.9
-122.80338	45.493702	0
-122.80323	45.493702	0
-122.80323	45.493702	2.1
-122.803048	45.493702	0
-122.803048	45.493702	4.369230769230769
-122.802878	45.493528	4.22
-122.802878	45.493528	10.2
-122.802908	45.493063	10.2
-122.802908	45.493063	0
-122.80292	45.492437	5.430769230769231
-122.80292	45.492437	0
-122.802793	45.491788	5.6909090909090905
-122.802793	45.491788	0
-122.802525	45.491175	10.2
-122.802525	45.491175	0
-122.802302	45.490722	10.2
-122.802302	45.490722	0
-122.802072	45.490493	0
-122.802072	45.490493	6.001643964302489
-122.801972	45.4904	0
-122.801972	45.4904	0
-122.801762	45.490285	4.75
-122.801762	45.490285	6.265989092711949
-122.801507	45.490413	2.6
-122.801507	45.490413	4.75
-122.801512	45.490538	0
-122.801512	45.490538	2.6
-122.801578	45.490668	0
-122.801578	45.490668	0
-122.801527	45.490908	6.267794922847187
-122.801527	45.490908	0
-122.801387	45.491062	0
-122.801387	45.491062	5.08
-122.801223	45.491233	5
-122.801223	45.491233	6.051972596267422
-122.800997	45.491483	0
-122.800997	45.491483	5.938969258589512
-122.8008	45.491627	6.243687178229958
-122.8008	45.491627	0
-122.800582	45.491515	5
-122.800582	45.491515	0
-122.800745	45.491277	5.08
-122.800745	45.491277	0
-122.800875	45.491192	0
-122.800875	45.491192	6.261383214373615
(1964 rows)
